Disease,Symptom_1,Symptom_2,Symptom_3,Symptom_4,Symptom_5,Symptom_6,Symptom_7,Symptom_8,Symptom_9,Symptom_10,Symptom_11,Symptom_12,Symptom_13,Symptom_14,Symptom_15,Symptom_16,Symptom_17,weight,weight_Symptom_2,weight_Symptom_3,weight_Symptom_4,weight_Symptom_5,weight_Symptom_6,weight_Symptom_7,weight_Symptom_8,weight_Symptom_9,weight_Symptom_10,weight_Symptom_11,weight_Symptom_12,weight_Symptom_13,weight_Symptom_14,weight_Symptom_15,weight_Symptom_16,weight_Symptom_17,Total_Severity,Disease_Encoded
fungal infection,itching,skin_rash,nodal_skin_eruptions,dischromic _patches,,,,,,,,,,,,,,1,3.0,4.0,,,,,,,,,,,,,,,8.0,15
fungal infection,skin_rash,nodal_skin_eruptions,dischromic _patches,,,,,,,,,,,,,,,3,4.0,,,,,,,,,,,,,,,,7.0,15
fungal infection,itching,nodal_skin_eruptions,dischromic _patches,,,,,,,,,,,,,,,1,4.0,,,,,,,,,,,,,,,,5.0,15
fungal infection,itching,skin_rash,dischromic _patches,,,,,,,,,,,,,,,1,3.0,,,,,,,,,,,,,,,,4.0,15
fungal infection,itching,skin_rash,nodal_skin_eruptions,,,,,,,,,,,,,,,1,3.0,4.0,,,,,,,,,,,,,,,8.0,15
allergy,continuous_sneezing,shivering,chills,watering_from_eyes,,,,,,,,,,,,,,4,5.0,3.0,4.0,,,,,,,,,,,,,,16.0,4
allergy,shivering,chills,watering_from_eyes,,,,,,,,,,,,,,,5,3.0,4.0,,,,,,,,,,,,,,,12.0,4
allergy,continuous_sneezing,chills,watering_from_eyes,,,,,,,,,,,,,,,4,3.0,4.0,,,,,,,,,,,,,,,11.0,4
allergy,continuous_sneezing,shivering,watering_from_eyes,,,,,,,,,,,,,,,4,5.0,4.0,,,,,,,,,,,,,,,13.0,4
allergy,continuous_sneezing,shivering,chills,,,,,,,,,,,,,,,4,5.0,3.0,,,,,,,,,,,,,,,12.0,4
gerd,stomach_pain,acidity,ulcers_on_tongue,vomiting,cough,chest_pain,,,,,,,,,,,,5,3.0,4.0,5.0,4.0,7.0,,,,,,,,,,,,28.0,17
gerd,stomach_pain,ulcers_on_tongue,vomiting,cough,chest_pain,,,,,,,,,,,,,5,4.0,5.0,4.0,7.0,,,,,,,,,,,,,25.0,17
gerd,stomach_pain,acidity,vomiting,cough,chest_pain,,,,,,,,,,,,,5,3.0,5.0,4.0,7.0,,,,,,,,,,,,,24.0,17
gerd,stomach_pain,acidity,ulcers_on_tongue,cough,chest_pain,,,,,,,,,,,,,5,3.0,4.0,4.0,7.0,,,,,,,,,,,,,23.0,17
gerd,stomach_pain,acidity,ulcers_on_tongue,vomiting,chest_pain,,,,,,,,,,,,,5,3.0,4.0,5.0,7.0,,,,,,,,,,,,,24.0,17
gerd,stomach_pain,acidity,ulcers_on_tongue,vomiting,cough,,,,,,,,,,,,,5,3.0,4.0,5.0,4.0,,,,,,,,,,,,,21.0,17
gerd,acidity,ulcers_on_tongue,vomiting,cough,chest_pain,,,,,,,,,,,,,3,4.0,5.0,4.0,7.0,,,,,,,,,,,,,23.0,17
chronic cholestasis,itching,vomiting,yellowish_skin,nausea,loss_of_appetite,abdominal_pain,yellowing_of_eyes,,,,,,,,,,,1,5.0,3.0,5.0,4.0,4.0,4.0,,,,,,,,,,,26.0,9
chronic cholestasis,vomiting,yellowish_skin,nausea,loss_of_appetite,abdominal_pain,yellowing_of_eyes,,,,,,,,,,,,5,3.0,5.0,4.0,4.0,4.0,,,,,,,,,,,,25.0,9
chronic cholestasis,itching,yellowish_skin,nausea,loss_of_appetite,abdominal_pain,yellowing_of_eyes,,,,,,,,,,,,1,3.0,5.0,4.0,4.0,4.0,,,,,,,,,,,,21.0,9
chronic cholestasis,itching,vomiting,nausea,loss_of_appetite,abdominal_pain,yellowing_of_eyes,,,,,,,,,,,,1,5.0,5.0,4.0,4.0,4.0,,,,,,,,,,,,23.0,9
chronic cholestasis,itching,vomiting,yellowish_skin,loss_of_appetite,abdominal_pain,yellowing_of_eyes,,,,,,,,,,,,1,5.0,3.0,4.0,4.0,4.0,,,,,,,,,,,,21.0,9
chronic cholestasis,itching,vomiting,yellowish_skin,nausea,abdominal_pain,yellowing_of_eyes,,,,,,,,,,,,1,5.0,3.0,5.0,4.0,4.0,,,,,,,,,,,,22.0,9
chronic cholestasis,itching,vomiting,yellowish_skin,nausea,loss_of_appetite,yellowing_of_eyes,,,,,,,,,,,,1,5.0,3.0,5.0,4.0,4.0,,,,,,,,,,,,22.0,9
chronic cholestasis,itching,vomiting,yellowish_skin,nausea,loss_of_appetite,abdominal_pain,,,,,,,,,,,,1,5.0,3.0,5.0,4.0,4.0,,,,,,,,,,,,22.0,9
drug reaction,itching,skin_rash,stomach_pain,burning_micturition,spotting_ urination,,,,,,,,,,,,,1,3.0,5.0,6.0,,,,,,,,,,,,,,15.0,14
drug reaction,itching,stomach_pain,burning_micturition,spotting_ urination,,,,,,,,,,,,,,1,5.0,6.0,,,,,,,,,,,,,,,12.0,14
drug reaction,itching,skin_rash,burning_micturition,spotting_ urination,,,,,,,,,,,,,,1,3.0,6.0,,,,,,,,,,,,,,,10.0,14
drug reaction,itching,skin_rash,stomach_pain,spotting_ urination,,,,,,,,,,,,,,1,3.0,5.0,,,,,,,,,,,,,,,9.0,14
drug reaction,itching,skin_rash,stomach_pain,burning_micturition,,,,,,,,,,,,,,1,3.0,5.0,6.0,,,,,,,,,,,,,,15.0,14
drug reaction,skin_rash,stomach_pain,burning_micturition,spotting_ urination,,,,,,,,,,,,,,3,5.0,6.0,,,,,,,,,,,,,,,14.0,14
peptic ulcer diseae,vomiting,loss_of_appetite,abdominal_pain,passage_of_gases,internal_itching,,,,,,,,,,,,,5,4.0,4.0,5.0,4.0,,,,,,,,,,,,,22.0,34
peptic ulcer diseae,vomiting,indigestion,abdominal_pain,passage_of_gases,internal_itching,,,,,,,,,,,,,5,5.0,4.0,5.0,4.0,,,,,,,,,,,,,23.0,34
peptic ulcer diseae,indigestion,loss_of_appetite,abdominal_pain,passage_of_gases,internal_itching,,,,,,,,,,,,,5,4.0,4.0,5.0,4.0,,,,,,,,,,,,,22.0,34
peptic ulcer diseae,vomiting,indigestion,loss_of_appetite,passage_of_gases,internal_itching,,,,,,,,,,,,,5,5.0,4.0,5.0,4.0,,,,,,,,,,,,,23.0,34
peptic ulcer diseae,vomiting,indigestion,loss_of_appetite,abdominal_pain,internal_itching,,,,,,,,,,,,,5,5.0,4.0,4.0,4.0,,,,,,,,,,,,,22.0,34
peptic ulcer diseae,vomiting,indigestion,loss_of_appetite,abdominal_pain,passage_of_gases,,,,,,,,,,,,,5,5.0,4.0,4.0,5.0,,,,,,,,,,,,,23.0,34
peptic ulcer diseae,vomiting,indigestion,loss_of_appetite,abdominal_pain,passage_of_gases,internal_itching,,,,,,,,,,,,5,5.0,4.0,4.0,5.0,4.0,,,,,,,,,,,,27.0,34
aids,muscle_wasting,patches_in_throat,high_fever,extra_marital_contacts,,,,,,,,,,,,,,3,6.0,7.0,5.0,,,,,,,,,,,,,,21.0,2
aids,patches_in_throat,high_fever,extra_marital_contacts,,,,,,,,,,,,,,,6,7.0,5.0,,,,,,,,,,,,,,,18.0,2
aids,muscle_wasting,high_fever,extra_marital_contacts,,,,,,,,,,,,,,,3,7.0,5.0,,,,,,,,,,,,,,,15.0,2
aids,muscle_wasting,patches_in_throat,extra_marital_contacts,,,,,,,,,,,,,,,3,6.0,5.0,,,,,,,,,,,,,,,14.0,2
aids,muscle_wasting,patches_in_throat,high_fever,,,,,,,,,,,,,,,3,6.0,7.0,,,,,,,,,,,,,,,16.0,2
diabetes,fatigue,weight_loss,restlessness,lethargy,irregular_sugar_level,blurred_and_distorted_vision,obesity,excessive_hunger,increased_appetite,polyuria,,,,,,,,4,3.0,5.0,2.0,5.0,5.0,4.0,4.0,5.0,4.0,,,,,,,,41.0,12
diabetes,weight_loss,restlessness,lethargy,irregular_sugar_level,blurred_and_distorted_vision,obesity,excessive_hunger,increased_appetite,polyuria,,,,,,,,,3,5.0,2.0,5.0,5.0,4.0,4.0,5.0,4.0,,,,,,,,,37.0,12
diabetes,fatigue,restlessness,lethargy,irregular_sugar_level,blurred_and_distorted_vision,obesity,excessive_hunger,increased_appetite,polyuria,,,,,,,,,4,5.0,2.0,5.0,5.0,4.0,4.0,5.0,4.0,,,,,,,,,38.0,12
diabetes,fatigue,weight_loss,lethargy,irregular_sugar_level,blurred_and_distorted_vision,obesity,excessive_hunger,increased_appetite,polyuria,,,,,,,,,4,3.0,2.0,5.0,5.0,4.0,4.0,5.0,4.0,,,,,,,,,36.0,12
diabetes,fatigue,weight_loss,restlessness,irregular_sugar_level,blurred_and_distorted_vision,obesity,excessive_hunger,increased_appetite,polyuria,,,,,,,,,4,3.0,5.0,5.0,5.0,4.0,4.0,5.0,4.0,,,,,,,,,39.0,12
diabetes,fatigue,weight_loss,restlessness,lethargy,blurred_and_distorted_vision,obesity,excessive_hunger,increased_appetite,polyuria,,,,,,,,,4,3.0,5.0,2.0,5.0,4.0,4.0,5.0,4.0,,,,,,,,,36.0,12
diabetes,fatigue,weight_loss,restlessness,lethargy,irregular_sugar_level,obesity,excessive_hunger,increased_appetite,polyuria,,,,,,,,,4,3.0,5.0,2.0,5.0,4.0,4.0,5.0,4.0,,,,,,,,,36.0,12
diabetes,fatigue,weight_loss,restlessness,lethargy,irregular_sugar_level,blurred_and_distorted_vision,excessive_hunger,increased_appetite,polyuria,,,,,,,,,4,3.0,5.0,2.0,5.0,5.0,4.0,5.0,4.0,,,,,,,,,37.0,12
diabetes,fatigue,weight_loss,restlessness,lethargy,irregular_sugar_level,blurred_and_distorted_vision,obesity,increased_appetite,polyuria,,,,,,,,,4,3.0,5.0,2.0,5.0,5.0,4.0,5.0,4.0,,,,,,,,,37.0,12
gastroenteritis,vomiting,sunken_eyes,dehydration,diarrhoea,,,,,,,,,,,,,,5,3.0,4.0,6.0,,,,,,,,,,,,,,18.0,16
gastroenteritis,sunken_eyes,dehydration,diarrhoea,,,,,,,,,,,,,,,3,4.0,6.0,,,,,,,,,,,,,,,13.0,16
gastroenteritis,vomiting,dehydration,diarrhoea,,,,,,,,,,,,,,,5,4.0,6.0,,,,,,,,,,,,,,,15.0,16
gastroenteritis,vomiting,sunken_eyes,diarrhoea,,,,,,,,,,,,,,,5,3.0,6.0,,,,,,,,,,,,,,,14.0,16
gastroenteritis,vomiting,sunken_eyes,dehydration,,,,,,,,,,,,,,,5,3.0,4.0,,,,,,,,,,,,,,,12.0,16
bronchial asthma,fatigue,cough,high_fever,breathlessness,family_history,mucoid_sputum,,,,,,,,,,,,4,4.0,7.0,4.0,5.0,4.0,,,,,,,,,,,,28.0,6
bronchial asthma,cough,high_fever,breathlessness,family_history,mucoid_sputum,,,,,,,,,,,,,4,7.0,4.0,5.0,4.0,,,,,,,,,,,,,24.0,6
bronchial asthma,fatigue,high_fever,breathlessness,family_history,mucoid_sputum,,,,,,,,,,,,,4,7.0,4.0,5.0,4.0,,,,,,,,,,,,,24.0,6
bronchial asthma,fatigue,cough,breathlessness,family_history,mucoid_sputum,,,,,,,,,,,,,4,4.0,4.0,5.0,4.0,,,,,,,,,,,,,21.0,6
bronchial asthma,fatigue,cough,high_fever,family_history,mucoid_sputum,,,,,,,,,,,,,4,4.0,7.0,5.0,4.0,,,,,,,,,,,,,24.0,6
bronchial asthma,fatigue,cough,high_fever,breathlessness,mucoid_sputum,,,,,,,,,,,,,4,4.0,7.0,4.0,4.0,,,,,,,,,,,,,23.0,6
bronchial asthma,fatigue,cough,high_fever,breathlessness,family_history,,,,,,,,,,,,,4,4.0,7.0,4.0,5.0,,,,,,,,,,,,,24.0,6
hypertension,headache,chest_pain,dizziness,loss_of_balance,lack_of_concentration,,,,,,,,,,,,,3,7.0,4.0,4.0,3.0,,,,,,,,,,,,,21.0,24
hypertension,chest_pain,dizziness,loss_of_balance,lack_of_concentration,,,,,,,,,,,,,,7,4.0,4.0,3.0,,,,,,,,,,,,,,18.0,24
hypertension,headache,dizziness,loss_of_balance,lack_of_concentration,,,,,,,,,,,,,,3,4.0,4.0,3.0,,,,,,,,,,,,,,14.0,24
hypertension,headache,chest_pain,loss_of_balance,lack_of_concentration,,,,,,,,,,,,,,3,7.0,4.0,3.0,,,,,,,,,,,,,,17.0,24
hypertension,headache,chest_pain,dizziness,lack_of_concentration,,,,,,,,,,,,,,3,7.0,4.0,3.0,,,,,,,,,,,,,,17.0,24
hypertension,headache,chest_pain,dizziness,loss_of_balance,,,,,,,,,,,,,,3,7.0,4.0,4.0,,,,,,,,,,,,,,18.0,24
migraine,acidity,indigestion,headache,blurred_and_distorted_vision,excessive_hunger,stiff_neck,depression,irritability,visual_disturbances,,,,,,,,,3,5.0,3.0,5.0,4.0,4.0,3.0,2.0,3.0,,,,,,,,,32.0,31
migraine,indigestion,headache,blurred_and_distorted_vision,excessive_hunger,stiff_neck,depression,irritability,visual_disturbances,,,,,,,,,,5,3.0,5.0,4.0,4.0,3.0,2.0,3.0,,,,,,,,,,29.0,31
migraine,acidity,headache,blurred_and_distorted_vision,excessive_hunger,stiff_neck,depression,irritability,visual_disturbances,,,,,,,,,,3,3.0,5.0,4.0,4.0,3.0,2.0,3.0,,,,,,,,,,27.0,31
migraine,acidity,indigestion,blurred_and_distorted_vision,excessive_hunger,stiff_neck,depression,irritability,visual_disturbances,,,,,,,,,,3,5.0,5.0,4.0,4.0,3.0,2.0,3.0,,,,,,,,,,29.0,31
migraine,acidity,indigestion,headache,excessive_hunger,stiff_neck,depression,irritability,visual_disturbances,,,,,,,,,,3,5.0,3.0,4.0,4.0,3.0,2.0,3.0,,,,,,,,,,27.0,31
migraine,acidity,indigestion,headache,blurred_and_distorted_vision,stiff_neck,depression,irritability,visual_disturbances,,,,,,,,,,3,5.0,3.0,5.0,4.0,3.0,2.0,3.0,,,,,,,,,,28.0,31
migraine,acidity,indigestion,headache,blurred_and_distorted_vision,excessive_hunger,depression,irritability,visual_disturbances,,,,,,,,,,3,5.0,3.0,5.0,4.0,3.0,2.0,3.0,,,,,,,,,,28.0,31
migraine,acidity,indigestion,headache,blurred_and_distorted_vision,excessive_hunger,stiff_neck,irritability,visual_disturbances,,,,,,,,,,3,5.0,3.0,5.0,4.0,4.0,2.0,3.0,,,,,,,,,,29.0,31
migraine,acidity,indigestion,headache,blurred_and_distorted_vision,excessive_hunger,stiff_neck,depression,visual_disturbances,,,,,,,,,,3,5.0,3.0,5.0,4.0,4.0,3.0,3.0,,,,,,,,,,30.0,31
migraine,acidity,indigestion,headache,blurred_and_distorted_vision,excessive_hunger,stiff_neck,depression,irritability,,,,,,,,,,3,5.0,3.0,5.0,4.0,4.0,3.0,2.0,,,,,,,,,,29.0,31
cervical spondylosis,back_pain,weakness_in_limbs,neck_pain,dizziness,loss_of_balance,,,,,,,,,,,,,3,7.0,5.0,4.0,4.0,,,,,,,,,,,,,23.0,7
cervical spondylosis,weakness_in_limbs,neck_pain,dizziness,loss_of_balance,,,,,,,,,,,,,,7,5.0,4.0,4.0,,,,,,,,,,,,,,20.0,7
cervical spondylosis,back_pain,neck_pain,dizziness,loss_of_balance,,,,,,,,,,,,,,3,5.0,4.0,4.0,,,,,,,,,,,,,,16.0,7
cervical spondylosis,back_pain,weakness_in_limbs,dizziness,loss_of_balance,,,,,,,,,,,,,,3,7.0,4.0,4.0,,,,,,,,,,,,,,18.0,7
cervical spondylosis,back_pain,weakness_in_limbs,neck_pain,loss_of_balance,,,,,,,,,,,,,,3,7.0,5.0,4.0,,,,,,,,,,,,,,19.0,7
cervical spondylosis,back_pain,weakness_in_limbs,neck_pain,dizziness,,,,,,,,,,,,,,3,7.0,5.0,4.0,,,,,,,,,,,,,,19.0,7
paralysis (brain hemorrhage),vomiting,headache,weakness_of_one_body_side,altered_sensorium,,,,,,,,,,,,,,5,3.0,4.0,2.0,,,,,,,,,,,,,,14.0,33
paralysis (brain hemorrhage),headache,weakness_of_one_body_side,altered_sensorium,,,,,,,,,,,,,,,3,4.0,2.0,,,,,,,,,,,,,,,9.0,33
paralysis (brain hemorrhage),vomiting,weakness_of_one_body_side,altered_sensorium,,,,,,,,,,,,,,,5,4.0,2.0,,,,,,,,,,,,,,,11.0,33
paralysis (brain hemorrhage),vomiting,headache,altered_sensorium,,,,,,,,,,,,,,,5,3.0,2.0,,,,,,,,,,,,,,,10.0,33
paralysis (brain hemorrhage),vomiting,headache,weakness_of_one_body_side,,,,,,,,,,,,,,,5,3.0,4.0,,,,,,,,,,,,,,,12.0,33
jaundice,itching,vomiting,fatigue,weight_loss,high_fever,yellowish_skin,dark_urine,abdominal_pain,,,,,,,,,,1,5.0,4.0,3.0,7.0,3.0,4.0,4.0,,,,,,,,,,31.0,29
jaundice,vomiting,fatigue,weight_loss,high_fever,yellowish_skin,dark_urine,abdominal_pain,,,,,,,,,,,5,4.0,3.0,7.0,3.0,4.0,4.0,,,,,,,,,,,30.0,29
jaundice,itching,fatigue,weight_loss,high_fever,yellowish_skin,dark_urine,abdominal_pain,,,,,,,,,,,1,4.0,3.0,7.0,3.0,4.0,4.0,,,,,,,,,,,26.0,29
jaundice,itching,vomiting,weight_loss,high_fever,yellowish_skin,dark_urine,abdominal_pain,,,,,,,,,,,1,5.0,3.0,7.0,3.0,4.0,4.0,,,,,,,,,,,27.0,29
jaundice,itching,vomiting,fatigue,high_fever,yellowish_skin,dark_urine,abdominal_pain,,,,,,,,,,,1,5.0,4.0,7.0,3.0,4.0,4.0,,,,,,,,,,,28.0,29
jaundice,itching,vomiting,fatigue,weight_loss,yellowish_skin,dark_urine,abdominal_pain,,,,,,,,,,,1,5.0,4.0,3.0,3.0,4.0,4.0,,,,,,,,,,,24.0,29
jaundice,itching,vomiting,fatigue,weight_loss,high_fever,dark_urine,abdominal_pain,,,,,,,,,,,1,5.0,4.0,3.0,7.0,4.0,4.0,,,,,,,,,,,28.0,29
jaundice,itching,vomiting,fatigue,weight_loss,high_fever,yellowish_skin,abdominal_pain,,,,,,,,,,,1,5.0,4.0,3.0,7.0,3.0,4.0,,,,,,,,,,,27.0,29
jaundice,itching,vomiting,fatigue,weight_loss,high_fever,yellowish_skin,dark_urine,,,,,,,,,,,1,5.0,4.0,3.0,7.0,3.0,4.0,,,,,,,,,,,27.0,29
malaria,chills,vomiting,high_fever,sweating,headache,nausea,muscle_pain,,,,,,,,,,,3,5.0,7.0,3.0,3.0,5.0,2.0,,,,,,,,,,,28.0,30
malaria,chills,vomiting,high_fever,sweating,headache,nausea,diarrhoea,muscle_pain,,,,,,,,,,3,5.0,7.0,3.0,3.0,5.0,6.0,2.0,,,,,,,,,,34.0,30
malaria,vomiting,high_fever,sweating,headache,nausea,diarrhoea,muscle_pain,,,,,,,,,,,5,7.0,3.0,3.0,5.0,6.0,2.0,,,,,,,,,,,31.0,30
malaria,chills,high_fever,sweating,headache,nausea,diarrhoea,muscle_pain,,,,,,,,,,,3,7.0,3.0,3.0,5.0,6.0,2.0,,,,,,,,,,,29.0,30
malaria,chills,vomiting,sweating,headache,nausea,diarrhoea,muscle_pain,,,,,,,,,,,3,5.0,3.0,3.0,5.0,6.0,2.0,,,,,,,,,,,27.0,30
malaria,chills,vomiting,high_fever,headache,nausea,diarrhoea,muscle_pain,,,,,,,,,,,3,5.0,7.0,3.0,5.0,6.0,2.0,,,,,,,,,,,31.0,30
malaria,chills,vomiting,high_fever,sweating,nausea,diarrhoea,muscle_pain,,,,,,,,,,,3,5.0,7.0,3.0,5.0,6.0,2.0,,,,,,,,,,,31.0,30
malaria,chills,vomiting,high_fever,sweating,headache,diarrhoea,muscle_pain,,,,,,,,,,,3,5.0,7.0,3.0,3.0,6.0,2.0,,,,,,,,,,,29.0,30
chicken pox,itching,skin_rash,fatigue,lethargy,high_fever,headache,loss_of_appetite,mild_fever,swelled_lymph_nodes,malaise,red_spots_over_body,,,,,,,1,3.0,4.0,2.0,7.0,3.0,4.0,5.0,6.0,6.0,3.0,,,,,,,44.0,8
chicken pox,skin_rash,fatigue,lethargy,high_fever,headache,loss_of_appetite,mild_fever,swelled_lymph_nodes,malaise,red_spots_over_body,,,,,,,,3,4.0,2.0,7.0,3.0,4.0,5.0,6.0,6.0,3.0,,,,,,,,43.0,8
chicken pox,itching,fatigue,lethargy,high_fever,headache,loss_of_appetite,mild_fever,swelled_lymph_nodes,malaise,red_spots_over_body,,,,,,,,1,4.0,2.0,7.0,3.0,4.0,5.0,6.0,6.0,3.0,,,,,,,,41.0,8
chicken pox,itching,skin_rash,lethargy,high_fever,headache,loss_of_appetite,mild_fever,swelled_lymph_nodes,malaise,red_spots_over_body,,,,,,,,1,3.0,2.0,7.0,3.0,4.0,5.0,6.0,6.0,3.0,,,,,,,,40.0,8
chicken pox,itching,skin_rash,fatigue,high_fever,headache,loss_of_appetite,mild_fever,swelled_lymph_nodes,malaise,red_spots_over_body,,,,,,,,1,3.0,4.0,7.0,3.0,4.0,5.0,6.0,6.0,3.0,,,,,,,,42.0,8
chicken pox,itching,skin_rash,fatigue,lethargy,headache,loss_of_appetite,mild_fever,swelled_lymph_nodes,malaise,red_spots_over_body,,,,,,,,1,3.0,4.0,2.0,3.0,4.0,5.0,6.0,6.0,3.0,,,,,,,,37.0,8
chicken pox,itching,skin_rash,fatigue,lethargy,high_fever,loss_of_appetite,mild_fever,swelled_lymph_nodes,malaise,red_spots_over_body,,,,,,,,1,3.0,4.0,2.0,7.0,4.0,5.0,6.0,6.0,3.0,,,,,,,,41.0,8
chicken pox,itching,skin_rash,fatigue,lethargy,high_fever,headache,mild_fever,swelled_lymph_nodes,malaise,red_spots_over_body,,,,,,,,1,3.0,4.0,2.0,7.0,3.0,5.0,6.0,6.0,3.0,,,,,,,,40.0,8
chicken pox,itching,skin_rash,fatigue,lethargy,high_fever,headache,loss_of_appetite,swelled_lymph_nodes,malaise,red_spots_over_body,,,,,,,,1,3.0,4.0,2.0,7.0,3.0,4.0,6.0,6.0,3.0,,,,,,,,39.0,8
chicken pox,itching,skin_rash,fatigue,lethargy,high_fever,headache,loss_of_appetite,mild_fever,malaise,red_spots_over_body,,,,,,,,1,3.0,4.0,2.0,7.0,3.0,4.0,5.0,6.0,3.0,,,,,,,,38.0,8
dengue,skin_rash,chills,joint_pain,vomiting,fatigue,high_fever,headache,nausea,loss_of_appetite,pain_behind_the_eyes,back_pain,muscle_pain,red_spots_over_body,,,,,3,3.0,3.0,5.0,4.0,7.0,3.0,5.0,4.0,4.0,3.0,2.0,3.0,,,,,49.0,11
dengue,skin_rash,chills,joint_pain,vomiting,fatigue,high_fever,headache,nausea,loss_of_appetite,pain_behind_the_eyes,back_pain,malaise,red_spots_over_body,,,,,3,3.0,3.0,5.0,4.0,7.0,3.0,5.0,4.0,4.0,3.0,6.0,3.0,,,,,53.0,11
dengue,skin_rash,chills,joint_pain,vomiting,fatigue,high_fever,headache,nausea,loss_of_appetite,pain_behind_the_eyes,back_pain,malaise,muscle_pain,,,,,3,3.0,3.0,5.0,4.0,7.0,3.0,5.0,4.0,4.0,3.0,6.0,2.0,,,,,52.0,11
dengue,skin_rash,chills,joint_pain,vomiting,fatigue,high_fever,headache,nausea,loss_of_appetite,pain_behind_the_eyes,back_pain,malaise,muscle_pain,red_spots_over_body,,,,3,3.0,3.0,5.0,4.0,7.0,3.0,5.0,4.0,4.0,3.0,6.0,2.0,3.0,,,,55.0,11
dengue,chills,joint_pain,vomiting,fatigue,high_fever,headache,nausea,loss_of_appetite,pain_behind_the_eyes,back_pain,malaise,muscle_pain,red_spots_over_body,,,,,3,3.0,5.0,4.0,7.0,3.0,5.0,4.0,4.0,3.0,6.0,2.0,3.0,,,,,52.0,11
dengue,skin_rash,joint_pain,vomiting,fatigue,high_fever,headache,nausea,loss_of_appetite,pain_behind_the_eyes,back_pain,malaise,muscle_pain,red_spots_over_body,,,,,3,3.0,5.0,4.0,7.0,3.0,5.0,4.0,4.0,3.0,6.0,2.0,3.0,,,,,52.0,11
dengue,skin_rash,chills,vomiting,fatigue,high_fever,headache,nausea,loss_of_appetite,pain_behind_the_eyes,back_pain,malaise,muscle_pain,red_spots_over_body,,,,,3,3.0,5.0,4.0,7.0,3.0,5.0,4.0,4.0,3.0,6.0,2.0,3.0,,,,,52.0,11
dengue,skin_rash,chills,joint_pain,fatigue,high_fever,headache,nausea,loss_of_appetite,pain_behind_the_eyes,back_pain,malaise,muscle_pain,red_spots_over_body,,,,,3,3.0,3.0,4.0,7.0,3.0,5.0,4.0,4.0,3.0,6.0,2.0,3.0,,,,,50.0,11
dengue,skin_rash,chills,joint_pain,vomiting,high_fever,headache,nausea,loss_of_appetite,pain_behind_the_eyes,back_pain,malaise,muscle_pain,red_spots_over_body,,,,,3,3.0,3.0,5.0,7.0,3.0,5.0,4.0,4.0,3.0,6.0,2.0,3.0,,,,,51.0,11
dengue,skin_rash,chills,joint_pain,vomiting,fatigue,headache,nausea,loss_of_appetite,pain_behind_the_eyes,back_pain,malaise,muscle_pain,red_spots_over_body,,,,,3,3.0,3.0,5.0,4.0,3.0,5.0,4.0,4.0,3.0,6.0,2.0,3.0,,,,,48.0,11
typhoid,chills,vomiting,fatigue,high_fever,nausea,constipation,abdominal_pain,diarrhoea,toxic_look_(typhos),belly_pain,,,,,,,,3,5.0,4.0,7.0,5.0,4.0,4.0,6.0,5.0,4.0,,,,,,,,47.0,38
typhoid,chills,vomiting,fatigue,high_fever,headache,constipation,abdominal_pain,diarrhoea,toxic_look_(typhos),belly_pain,,,,,,,,3,5.0,4.0,7.0,3.0,4.0,4.0,6.0,5.0,4.0,,,,,,,,45.0,38
typhoid,chills,vomiting,fatigue,high_fever,headache,nausea,abdominal_pain,diarrhoea,toxic_look_(typhos),belly_pain,,,,,,,,3,5.0,4.0,7.0,3.0,5.0,4.0,6.0,5.0,4.0,,,,,,,,46.0,38
typhoid,chills,vomiting,fatigue,high_fever,headache,nausea,constipation,diarrhoea,toxic_look_(typhos),belly_pain,,,,,,,,3,5.0,4.0,7.0,3.0,5.0,4.0,6.0,5.0,4.0,,,,,,,,46.0,38
typhoid,chills,vomiting,fatigue,high_fever,headache,nausea,constipation,abdominal_pain,toxic_look_(typhos),belly_pain,,,,,,,,3,5.0,4.0,7.0,3.0,5.0,4.0,4.0,5.0,4.0,,,,,,,,44.0,38
typhoid,chills,vomiting,fatigue,high_fever,headache,nausea,constipation,abdominal_pain,diarrhoea,belly_pain,,,,,,,,3,5.0,4.0,7.0,3.0,5.0,4.0,4.0,6.0,4.0,,,,,,,,45.0,38
typhoid,chills,vomiting,fatigue,high_fever,headache,nausea,constipation,abdominal_pain,diarrhoea,toxic_look_(typhos),,,,,,,,3,5.0,4.0,7.0,3.0,5.0,4.0,4.0,6.0,5.0,,,,,,,,46.0,38
typhoid,chills,vomiting,fatigue,high_fever,headache,nausea,constipation,abdominal_pain,diarrhoea,toxic_look_(typhos),belly_pain,,,,,,,3,5.0,4.0,7.0,3.0,5.0,4.0,4.0,6.0,5.0,4.0,,,,,,,50.0,38
typhoid,chills,fatigue,high_fever,headache,nausea,constipation,abdominal_pain,diarrhoea,toxic_look_(typhos),belly_pain,,,,,,,,3,4.0,7.0,3.0,5.0,4.0,4.0,6.0,5.0,4.0,,,,,,,,45.0,38
hepatitis a,joint_pain,vomiting,yellowish_skin,dark_urine,nausea,loss_of_appetite,abdominal_pain,diarrhoea,mild_fever,yellowing_of_eyes,muscle_pain,,,,,,,3,5.0,3.0,4.0,5.0,4.0,4.0,6.0,5.0,4.0,2.0,,,,,,,45.0,19
hepatitis a,vomiting,yellowish_skin,dark_urine,nausea,loss_of_appetite,abdominal_pain,diarrhoea,mild_fever,yellowing_of_eyes,muscle_pain,,,,,,,,5,3.0,4.0,5.0,4.0,4.0,6.0,5.0,4.0,2.0,,,,,,,,42.0,19
hepatitis a,joint_pain,yellowish_skin,dark_urine,nausea,loss_of_appetite,abdominal_pain,diarrhoea,mild_fever,yellowing_of_eyes,muscle_pain,,,,,,,,3,3.0,4.0,5.0,4.0,4.0,6.0,5.0,4.0,2.0,,,,,,,,40.0,19
hepatitis a,joint_pain,vomiting,dark_urine,nausea,loss_of_appetite,abdominal_pain,diarrhoea,mild_fever,yellowing_of_eyes,muscle_pain,,,,,,,,3,5.0,4.0,5.0,4.0,4.0,6.0,5.0,4.0,2.0,,,,,,,,42.0,19
hepatitis a,joint_pain,vomiting,yellowish_skin,nausea,loss_of_appetite,abdominal_pain,diarrhoea,mild_fever,yellowing_of_eyes,muscle_pain,,,,,,,,3,5.0,3.0,5.0,4.0,4.0,6.0,5.0,4.0,2.0,,,,,,,,41.0,19
hepatitis a,joint_pain,vomiting,yellowish_skin,dark_urine,loss_of_appetite,abdominal_pain,diarrhoea,mild_fever,yellowing_of_eyes,muscle_pain,,,,,,,,3,5.0,3.0,4.0,4.0,4.0,6.0,5.0,4.0,2.0,,,,,,,,40.0,19
hepatitis a,joint_pain,vomiting,yellowish_skin,dark_urine,nausea,abdominal_pain,diarrhoea,mild_fever,yellowing_of_eyes,muscle_pain,,,,,,,,3,5.0,3.0,4.0,5.0,4.0,6.0,5.0,4.0,2.0,,,,,,,,41.0,19
hepatitis a,joint_pain,vomiting,yellowish_skin,dark_urine,nausea,loss_of_appetite,diarrhoea,mild_fever,yellowing_of_eyes,muscle_pain,,,,,,,,3,5.0,3.0,4.0,5.0,4.0,6.0,5.0,4.0,2.0,,,,,,,,41.0,19
hepatitis a,joint_pain,vomiting,yellowish_skin,dark_urine,nausea,loss_of_appetite,abdominal_pain,mild_fever,yellowing_of_eyes,muscle_pain,,,,,,,,3,5.0,3.0,4.0,5.0,4.0,4.0,5.0,4.0,2.0,,,,,,,,39.0,19
hepatitis b,itching,fatigue,lethargy,yellowish_skin,dark_urine,loss_of_appetite,abdominal_pain,yellow_urine,yellowing_of_eyes,malaise,receiving_blood_transfusion,receiving_unsterile_injections,,,,,,1,4.0,2.0,3.0,4.0,4.0,4.0,4.0,4.0,6.0,5.0,2.0,,,,,,43.0,20
hepatitis b,fatigue,lethargy,yellowish_skin,dark_urine,loss_of_appetite,abdominal_pain,yellow_urine,yellowing_of_eyes,malaise,receiving_blood_transfusion,receiving_unsterile_injections,,,,,,,4,2.0,3.0,4.0,4.0,4.0,4.0,4.0,6.0,5.0,2.0,,,,,,,42.0,20
hepatitis b,itching,lethargy,yellowish_skin,dark_urine,loss_of_appetite,abdominal_pain,yellow_urine,yellowing_of_eyes,malaise,receiving_blood_transfusion,receiving_unsterile_injections,,,,,,,1,2.0,3.0,4.0,4.0,4.0,4.0,4.0,6.0,5.0,2.0,,,,,,,39.0,20
hepatitis b,itching,fatigue,yellowish_skin,dark_urine,loss_of_appetite,abdominal_pain,yellow_urine,yellowing_of_eyes,malaise,receiving_blood_transfusion,receiving_unsterile_injections,,,,,,,1,4.0,3.0,4.0,4.0,4.0,4.0,4.0,6.0,5.0,2.0,,,,,,,41.0,20
hepatitis b,itching,fatigue,lethargy,dark_urine,loss_of_appetite,abdominal_pain,yellow_urine,yellowing_of_eyes,malaise,receiving_blood_transfusion,receiving_unsterile_injections,,,,,,,1,4.0,2.0,4.0,4.0,4.0,4.0,4.0,6.0,5.0,2.0,,,,,,,40.0,20
hepatitis b,itching,fatigue,lethargy,yellowish_skin,loss_of_appetite,abdominal_pain,yellow_urine,yellowing_of_eyes,malaise,receiving_blood_transfusion,receiving_unsterile_injections,,,,,,,1,4.0,2.0,3.0,4.0,4.0,4.0,4.0,6.0,5.0,2.0,,,,,,,39.0,20
hepatitis b,itching,fatigue,lethargy,yellowish_skin,dark_urine,abdominal_pain,yellow_urine,yellowing_of_eyes,malaise,receiving_blood_transfusion,receiving_unsterile_injections,,,,,,,1,4.0,2.0,3.0,4.0,4.0,4.0,4.0,6.0,5.0,2.0,,,,,,,39.0,20
hepatitis b,itching,fatigue,lethargy,yellowish_skin,dark_urine,loss_of_appetite,yellow_urine,yellowing_of_eyes,malaise,receiving_blood_transfusion,receiving_unsterile_injections,,,,,,,1,4.0,2.0,3.0,4.0,4.0,4.0,4.0,6.0,5.0,2.0,,,,,,,39.0,20
hepatitis b,itching,fatigue,lethargy,yellowish_skin,dark_urine,loss_of_appetite,abdominal_pain,yellowing_of_eyes,malaise,receiving_blood_transfusion,receiving_unsterile_injections,,,,,,,1,4.0,2.0,3.0,4.0,4.0,4.0,4.0,6.0,5.0,2.0,,,,,,,39.0,20
hepatitis c,fatigue,yellowish_skin,nausea,loss_of_appetite,family_history,,,,,,,,,,,,,4,3.0,5.0,4.0,5.0,,,,,,,,,,,,,21.0,21
hepatitis c,fatigue,yellowish_skin,nausea,loss_of_appetite,yellowing_of_eyes,family_history,,,,,,,,,,,,4,3.0,5.0,4.0,4.0,5.0,,,,,,,,,,,,25.0,21
hepatitis c,yellowish_skin,nausea,loss_of_appetite,yellowing_of_eyes,family_history,,,,,,,,,,,,,3,5.0,4.0,4.0,5.0,,,,,,,,,,,,,21.0,21
hepatitis c,fatigue,nausea,loss_of_appetite,yellowing_of_eyes,family_history,,,,,,,,,,,,,4,5.0,4.0,4.0,5.0,,,,,,,,,,,,,22.0,21
hepatitis c,fatigue,yellowish_skin,loss_of_appetite,yellowing_of_eyes,family_history,,,,,,,,,,,,,4,3.0,4.0,4.0,5.0,,,,,,,,,,,,,20.0,21
hepatitis c,fatigue,yellowish_skin,nausea,yellowing_of_eyes,family_history,,,,,,,,,,,,,4,3.0,5.0,4.0,5.0,,,,,,,,,,,,,21.0,21
hepatitis c,fatigue,yellowish_skin,nausea,loss_of_appetite,yellowing_of_eyes,,,,,,,,,,,,,4,3.0,5.0,4.0,4.0,,,,,,,,,,,,,20.0,21
hepatitis d,joint_pain,vomiting,fatigue,yellowish_skin,dark_urine,nausea,loss_of_appetite,abdominal_pain,yellowing_of_eyes,,,,,,,,,3,5.0,4.0,3.0,4.0,5.0,4.0,4.0,4.0,,,,,,,,,36.0,22
hepatitis d,vomiting,fatigue,yellowish_skin,dark_urine,nausea,loss_of_appetite,abdominal_pain,yellowing_of_eyes,,,,,,,,,,5,4.0,3.0,4.0,5.0,4.0,4.0,4.0,,,,,,,,,,33.0,22
hepatitis d,joint_pain,fatigue,yellowish_skin,dark_urine,nausea,loss_of_appetite,abdominal_pain,yellowing_of_eyes,,,,,,,,,,3,4.0,3.0,4.0,5.0,4.0,4.0,4.0,,,,,,,,,,31.0,22
hepatitis d,joint_pain,vomiting,yellowish_skin,dark_urine,nausea,loss_of_appetite,abdominal_pain,yellowing_of_eyes,,,,,,,,,,3,5.0,3.0,4.0,5.0,4.0,4.0,4.0,,,,,,,,,,32.0,22
hepatitis d,joint_pain,vomiting,fatigue,dark_urine,nausea,loss_of_appetite,abdominal_pain,yellowing_of_eyes,,,,,,,,,,3,5.0,4.0,4.0,5.0,4.0,4.0,4.0,,,,,,,,,,33.0,22
hepatitis d,joint_pain,vomiting,fatigue,yellowish_skin,nausea,loss_of_appetite,abdominal_pain,yellowing_of_eyes,,,,,,,,,,3,5.0,4.0,3.0,5.0,4.0,4.0,4.0,,,,,,,,,,32.0,22
hepatitis d,joint_pain,vomiting,fatigue,yellowish_skin,dark_urine,loss_of_appetite,abdominal_pain,yellowing_of_eyes,,,,,,,,,,3,5.0,4.0,3.0,4.0,4.0,4.0,4.0,,,,,,,,,,31.0,22
hepatitis d,joint_pain,vomiting,fatigue,yellowish_skin,dark_urine,nausea,abdominal_pain,yellowing_of_eyes,,,,,,,,,,3,5.0,4.0,3.0,4.0,5.0,4.0,4.0,,,,,,,,,,32.0,22
hepatitis d,joint_pain,vomiting,fatigue,yellowish_skin,dark_urine,nausea,loss_of_appetite,yellowing_of_eyes,,,,,,,,,,3,5.0,4.0,3.0,4.0,5.0,4.0,4.0,,,,,,,,,,32.0,22
hepatitis d,joint_pain,vomiting,fatigue,yellowish_skin,dark_urine,nausea,loss_of_appetite,abdominal_pain,,,,,,,,,,3,5.0,4.0,3.0,4.0,5.0,4.0,4.0,,,,,,,,,,32.0,22
hepatitis e,joint_pain,vomiting,fatigue,high_fever,yellowish_skin,dark_urine,nausea,loss_of_appetite,abdominal_pain,yellowing_of_eyes,coma,stomach_bleeding,,,,,,3,5.0,4.0,7.0,3.0,4.0,5.0,4.0,4.0,4.0,7.0,6.0,,,,,,56.0,23
hepatitis e,joint_pain,vomiting,fatigue,high_fever,yellowish_skin,dark_urine,nausea,loss_of_appetite,abdominal_pain,yellowing_of_eyes,acute_liver_failure,coma,stomach_bleeding,,,,,3,5.0,4.0,7.0,3.0,4.0,5.0,4.0,4.0,4.0,6.0,7.0,6.0,,,,,62.0,23
hepatitis e,vomiting,fatigue,high_fever,yellowish_skin,dark_urine,nausea,loss_of_appetite,abdominal_pain,yellowing_of_eyes,acute_liver_failure,coma,stomach_bleeding,,,,,,5,4.0,7.0,3.0,4.0,5.0,4.0,4.0,4.0,6.0,7.0,6.0,,,,,,59.0,23
hepatitis e,joint_pain,fatigue,high_fever,yellowish_skin,dark_urine,nausea,loss_of_appetite,abdominal_pain,yellowing_of_eyes,acute_liver_failure,coma,stomach_bleeding,,,,,,3,4.0,7.0,3.0,4.0,5.0,4.0,4.0,4.0,6.0,7.0,6.0,,,,,,57.0,23
hepatitis e,joint_pain,vomiting,high_fever,yellowish_skin,dark_urine,nausea,loss_of_appetite,abdominal_pain,yellowing_of_eyes,acute_liver_failure,coma,stomach_bleeding,,,,,,3,5.0,7.0,3.0,4.0,5.0,4.0,4.0,4.0,6.0,7.0,6.0,,,,,,58.0,23
hepatitis e,joint_pain,vomiting,fatigue,yellowish_skin,dark_urine,nausea,loss_of_appetite,abdominal_pain,yellowing_of_eyes,acute_liver_failure,coma,stomach_bleeding,,,,,,3,5.0,4.0,3.0,4.0,5.0,4.0,4.0,4.0,6.0,7.0,6.0,,,,,,55.0,23
hepatitis e,joint_pain,vomiting,fatigue,high_fever,dark_urine,nausea,loss_of_appetite,abdominal_pain,yellowing_of_eyes,acute_liver_failure,coma,stomach_bleeding,,,,,,3,5.0,4.0,7.0,4.0,5.0,4.0,4.0,4.0,6.0,7.0,6.0,,,,,,59.0,23
hepatitis e,joint_pain,vomiting,fatigue,high_fever,yellowish_skin,nausea,loss_of_appetite,abdominal_pain,yellowing_of_eyes,acute_liver_failure,coma,stomach_bleeding,,,,,,3,5.0,4.0,7.0,3.0,5.0,4.0,4.0,4.0,6.0,7.0,6.0,,,,,,58.0,23
hepatitis e,joint_pain,vomiting,fatigue,high_fever,yellowish_skin,dark_urine,loss_of_appetite,abdominal_pain,yellowing_of_eyes,acute_liver_failure,coma,stomach_bleeding,,,,,,3,5.0,4.0,7.0,3.0,4.0,4.0,4.0,4.0,6.0,7.0,6.0,,,,,,57.0,23
alcoholic hepatitis,vomiting,yellowish_skin,abdominal_pain,swelling_of_stomach,distention_of_abdomen,history_of_alcohol_consumption,fluid_overload,,,,,,,,,,,5,3.0,4.0,7.0,4.0,5.0,6.0,,,,,,,,,,,34.0,3
alcoholic hepatitis,vomiting,yellowish_skin,abdominal_pain,swelling_of_stomach,distention_of_abdomen,history_of_alcohol_consumption,fluid_overload,,,,,,,,,,,5,3.0,4.0,7.0,4.0,5.0,4.0,,,,,,,,,,,32.0,3
alcoholic hepatitis,yellowish_skin,abdominal_pain,swelling_of_stomach,distention_of_abdomen,history_of_alcohol_consumption,fluid_overload,,,,,,,,,,,,3,4.0,7.0,4.0,5.0,6.0,,,,,,,,,,,,29.0,3
alcoholic hepatitis,yellowish_skin,abdominal_pain,swelling_of_stomach,distention_of_abdomen,history_of_alcohol_consumption,fluid_overload,,,,,,,,,,,,3,4.0,7.0,4.0,5.0,4.0,,,,,,,,,,,,27.0,3
alcoholic hepatitis,vomiting,abdominal_pain,swelling_of_stomach,distention_of_abdomen,history_of_alcohol_consumption,fluid_overload,,,,,,,,,,,,5,4.0,7.0,4.0,5.0,6.0,,,,,,,,,,,,31.0,3
alcoholic hepatitis,vomiting,abdominal_pain,swelling_of_stomach,distention_of_abdomen,history_of_alcohol_consumption,fluid_overload,,,,,,,,,,,,5,4.0,7.0,4.0,5.0,4.0,,,,,,,,,,,,29.0,3
alcoholic hepatitis,vomiting,yellowish_skin,swelling_of_stomach,distention_of_abdomen,history_of_alcohol_consumption,fluid_overload,,,,,,,,,,,,5,3.0,7.0,4.0,5.0,6.0,,,,,,,,,,,,30.0,3
alcoholic hepatitis,vomiting,yellowish_skin,swelling_of_stomach,distention_of_abdomen,history_of_alcohol_consumption,fluid_overload,,,,,,,,,,,,5,3.0,7.0,4.0,5.0,4.0,,,,,,,,,,,,28.0,3
alcoholic hepatitis,vomiting,yellowish_skin,abdominal_pain,distention_of_abdomen,history_of_alcohol_consumption,fluid_overload,,,,,,,,,,,,5,3.0,4.0,4.0,5.0,6.0,,,,,,,,,,,,27.0,3
alcoholic hepatitis,vomiting,yellowish_skin,abdominal_pain,distention_of_abdomen,history_of_alcohol_consumption,fluid_overload,,,,,,,,,,,,5,3.0,4.0,4.0,5.0,4.0,,,,,,,,,,,,25.0,3
alcoholic hepatitis,vomiting,yellowish_skin,abdominal_pain,swelling_of_stomach,history_of_alcohol_consumption,fluid_overload,,,,,,,,,,,,5,3.0,4.0,7.0,5.0,6.0,,,,,,,,,,,,30.0,3
alcoholic hepatitis,vomiting,yellowish_skin,abdominal_pain,swelling_of_stomach,history_of_alcohol_consumption,fluid_overload,,,,,,,,,,,,5,3.0,4.0,7.0,5.0,4.0,,,,,,,,,,,,28.0,3
alcoholic hepatitis,vomiting,yellowish_skin,abdominal_pain,swelling_of_stomach,distention_of_abdomen,fluid_overload,,,,,,,,,,,,5,3.0,4.0,7.0,4.0,6.0,,,,,,,,,,,,29.0,3
alcoholic hepatitis,vomiting,yellowish_skin,abdominal_pain,swelling_of_stomach,distention_of_abdomen,fluid_overload,,,,,,,,,,,,5,3.0,4.0,7.0,4.0,4.0,,,,,,,,,,,,27.0,3
alcoholic hepatitis,vomiting,yellowish_skin,abdominal_pain,swelling_of_stomach,distention_of_abdomen,history_of_alcohol_consumption,,,,,,,,,,,,5,3.0,4.0,7.0,4.0,5.0,,,,,,,,,,,,28.0,3
tuberculosis,chills,vomiting,fatigue,weight_loss,cough,high_fever,breathlessness,sweating,loss_of_appetite,mild_fever,yellowing_of_eyes,swelled_lymph_nodes,malaise,phlegm,chest_pain,blood_in_sputum,,3,5.0,4.0,3.0,4.0,7.0,4.0,3.0,4.0,5.0,4.0,6.0,6.0,5.0,7.0,5.0,,75.0,37
tuberculosis,vomiting,fatigue,weight_loss,cough,high_fever,breathlessness,sweating,loss_of_appetite,mild_fever,yellowing_of_eyes,swelled_lymph_nodes,malaise,phlegm,chest_pain,blood_in_sputum,,,5,4.0,3.0,4.0,7.0,4.0,3.0,4.0,5.0,4.0,6.0,6.0,5.0,7.0,5.0,,,72.0,37
tuberculosis,chills,fatigue,weight_loss,cough,high_fever,breathlessness,sweating,loss_of_appetite,mild_fever,yellowing_of_eyes,swelled_lymph_nodes,malaise,phlegm,chest_pain,blood_in_sputum,,,3,4.0,3.0,4.0,7.0,4.0,3.0,4.0,5.0,4.0,6.0,6.0,5.0,7.0,5.0,,,70.0,37
tuberculosis,chills,vomiting,weight_loss,cough,high_fever,breathlessness,sweating,loss_of_appetite,mild_fever,yellowing_of_eyes,swelled_lymph_nodes,malaise,phlegm,chest_pain,blood_in_sputum,,,3,5.0,3.0,4.0,7.0,4.0,3.0,4.0,5.0,4.0,6.0,6.0,5.0,7.0,5.0,,,71.0,37
tuberculosis,chills,vomiting,fatigue,cough,high_fever,breathlessness,sweating,loss_of_appetite,mild_fever,yellowing_of_eyes,swelled_lymph_nodes,malaise,phlegm,chest_pain,blood_in_sputum,,,3,5.0,4.0,4.0,7.0,4.0,3.0,4.0,5.0,4.0,6.0,6.0,5.0,7.0,5.0,,,72.0,37
tuberculosis,chills,vomiting,fatigue,weight_loss,high_fever,breathlessness,sweating,loss_of_appetite,mild_fever,yellowing_of_eyes,swelled_lymph_nodes,malaise,phlegm,chest_pain,blood_in_sputum,,,3,5.0,4.0,3.0,7.0,4.0,3.0,4.0,5.0,4.0,6.0,6.0,5.0,7.0,5.0,,,71.0,37
tuberculosis,chills,vomiting,fatigue,weight_loss,cough,breathlessness,sweating,loss_of_appetite,mild_fever,yellowing_of_eyes,swelled_lymph_nodes,malaise,phlegm,chest_pain,blood_in_sputum,,,3,5.0,4.0,3.0,4.0,4.0,3.0,4.0,5.0,4.0,6.0,6.0,5.0,7.0,5.0,,,68.0,37
tuberculosis,chills,vomiting,fatigue,weight_loss,cough,high_fever,sweating,loss_of_appetite,mild_fever,yellowing_of_eyes,swelled_lymph_nodes,malaise,phlegm,chest_pain,blood_in_sputum,,,3,5.0,4.0,3.0,4.0,7.0,3.0,4.0,5.0,4.0,6.0,6.0,5.0,7.0,5.0,,,71.0,37
tuberculosis,chills,vomiting,fatigue,weight_loss,cough,high_fever,breathlessness,loss_of_appetite,mild_fever,yellowing_of_eyes,swelled_lymph_nodes,malaise,phlegm,chest_pain,blood_in_sputum,,,3,5.0,4.0,3.0,4.0,7.0,4.0,4.0,5.0,4.0,6.0,6.0,5.0,7.0,5.0,,,72.0,37
common cold,continuous_sneezing,chills,fatigue,cough,high_fever,headache,swelled_lymph_nodes,malaise,phlegm,throat_irritation,redness_of_eyes,sinus_pressure,runny_nose,congestion,chest_pain,loss_of_smell,muscle_pain,4,3.0,4.0,4.0,7.0,3.0,6.0,6.0,5.0,4.0,5.0,4.0,5.0,5.0,7.0,3.0,2.0,77.0,10
common cold,chills,fatigue,cough,high_fever,headache,swelled_lymph_nodes,malaise,phlegm,throat_irritation,redness_of_eyes,sinus_pressure,runny_nose,congestion,chest_pain,loss_of_smell,muscle_pain,,3,4.0,4.0,7.0,3.0,6.0,6.0,5.0,4.0,5.0,4.0,5.0,5.0,7.0,3.0,2.0,,73.0,10
common cold,continuous_sneezing,fatigue,cough,high_fever,headache,swelled_lymph_nodes,malaise,phlegm,throat_irritation,redness_of_eyes,sinus_pressure,runny_nose,congestion,chest_pain,loss_of_smell,muscle_pain,,4,4.0,4.0,7.0,3.0,6.0,6.0,5.0,4.0,5.0,4.0,5.0,5.0,7.0,3.0,2.0,,74.0,10
common cold,continuous_sneezing,chills,cough,high_fever,headache,swelled_lymph_nodes,malaise,phlegm,throat_irritation,redness_of_eyes,sinus_pressure,runny_nose,congestion,chest_pain,loss_of_smell,muscle_pain,,4,3.0,4.0,7.0,3.0,6.0,6.0,5.0,4.0,5.0,4.0,5.0,5.0,7.0,3.0,2.0,,73.0,10
common cold,continuous_sneezing,chills,fatigue,high_fever,headache,swelled_lymph_nodes,malaise,phlegm,throat_irritation,redness_of_eyes,sinus_pressure,runny_nose,congestion,chest_pain,loss_of_smell,muscle_pain,,4,3.0,4.0,7.0,3.0,6.0,6.0,5.0,4.0,5.0,4.0,5.0,5.0,7.0,3.0,2.0,,73.0,10
common cold,continuous_sneezing,chills,fatigue,cough,headache,swelled_lymph_nodes,malaise,phlegm,throat_irritation,redness_of_eyes,sinus_pressure,runny_nose,congestion,chest_pain,loss_of_smell,muscle_pain,,4,3.0,4.0,4.0,3.0,6.0,6.0,5.0,4.0,5.0,4.0,5.0,5.0,7.0,3.0,2.0,,70.0,10
common cold,continuous_sneezing,chills,fatigue,cough,high_fever,swelled_lymph_nodes,malaise,phlegm,throat_irritation,redness_of_eyes,sinus_pressure,runny_nose,congestion,chest_pain,loss_of_smell,muscle_pain,,4,3.0,4.0,4.0,7.0,6.0,6.0,5.0,4.0,5.0,4.0,5.0,5.0,7.0,3.0,2.0,,74.0,10
common cold,continuous_sneezing,chills,fatigue,cough,high_fever,headache,malaise,phlegm,throat_irritation,redness_of_eyes,sinus_pressure,runny_nose,congestion,chest_pain,loss_of_smell,muscle_pain,,4,3.0,4.0,4.0,7.0,3.0,6.0,5.0,4.0,5.0,4.0,5.0,5.0,7.0,3.0,2.0,,71.0,10
common cold,continuous_sneezing,chills,fatigue,cough,high_fever,headache,swelled_lymph_nodes,phlegm,throat_irritation,redness_of_eyes,sinus_pressure,runny_nose,congestion,chest_pain,loss_of_smell,muscle_pain,,4,3.0,4.0,4.0,7.0,3.0,6.0,5.0,4.0,5.0,4.0,5.0,5.0,7.0,3.0,2.0,,71.0,10
pneumonia,chills,fatigue,cough,high_fever,breathlessness,sweating,malaise,chest_pain,fast_heart_rate,rusty_sputum,,,,,,,,3,4.0,4.0,7.0,4.0,3.0,6.0,7.0,5.0,4.0,,,,,,,,47.0,35
pneumonia,chills,fatigue,cough,high_fever,breathlessness,sweating,malaise,phlegm,chest_pain,fast_heart_rate,rusty_sputum,,,,,,,3,4.0,4.0,7.0,4.0,3.0,6.0,5.0,7.0,5.0,4.0,,,,,,,52.0,35
pneumonia,fatigue,cough,high_fever,breathlessness,sweating,malaise,phlegm,chest_pain,fast_heart_rate,rusty_sputum,,,,,,,,4,4.0,7.0,4.0,3.0,6.0,5.0,7.0,5.0,4.0,,,,,,,,49.0,35
pneumonia,chills,cough,high_fever,breathlessness,sweating,malaise,phlegm,chest_pain,fast_heart_rate,rusty_sputum,,,,,,,,3,4.0,7.0,4.0,3.0,6.0,5.0,7.0,5.0,4.0,,,,,,,,48.0,35
pneumonia,chills,fatigue,high_fever,breathlessness,sweating,malaise,phlegm,chest_pain,fast_heart_rate,rusty_sputum,,,,,,,,3,4.0,7.0,4.0,3.0,6.0,5.0,7.0,5.0,4.0,,,,,,,,48.0,35
pneumonia,chills,fatigue,cough,breathlessness,sweating,malaise,phlegm,chest_pain,fast_heart_rate,rusty_sputum,,,,,,,,3,4.0,4.0,4.0,3.0,6.0,5.0,7.0,5.0,4.0,,,,,,,,45.0,35
pneumonia,chills,fatigue,cough,high_fever,sweating,malaise,phlegm,chest_pain,fast_heart_rate,rusty_sputum,,,,,,,,3,4.0,4.0,7.0,3.0,6.0,5.0,7.0,5.0,4.0,,,,,,,,48.0,35
pneumonia,chills,fatigue,cough,high_fever,breathlessness,malaise,phlegm,chest_pain,fast_heart_rate,rusty_sputum,,,,,,,,3,4.0,4.0,7.0,4.0,6.0,5.0,7.0,5.0,4.0,,,,,,,,49.0,35
pneumonia,chills,fatigue,cough,high_fever,breathlessness,sweating,phlegm,chest_pain,fast_heart_rate,rusty_sputum,,,,,,,,3,4.0,4.0,7.0,4.0,3.0,5.0,7.0,5.0,4.0,,,,,,,,46.0,35
dimorphic hemmorhoids(piles),constipation,pain_during_bowel_movements,pain_in_anal_region,bloody_stool,irritation_in_anus,,,,,,,,,,,,,4,5.0,6.0,5.0,6.0,,,,,,,,,,,,,26.0,13
dimorphic hemmorhoids(piles),pain_during_bowel_movements,pain_in_anal_region,bloody_stool,irritation_in_anus,,,,,,,,,,,,,,5,6.0,5.0,6.0,,,,,,,,,,,,,,22.0,13
dimorphic hemmorhoids(piles),constipation,pain_in_anal_region,bloody_stool,irritation_in_anus,,,,,,,,,,,,,,4,6.0,5.0,6.0,,,,,,,,,,,,,,21.0,13
dimorphic hemmorhoids(piles),constipation,pain_during_bowel_movements,bloody_stool,irritation_in_anus,,,,,,,,,,,,,,4,5.0,5.0,6.0,,,,,,,,,,,,,,20.0,13
dimorphic hemmorhoids(piles),constipation,pain_during_bowel_movements,pain_in_anal_region,irritation_in_anus,,,,,,,,,,,,,,4,5.0,6.0,6.0,,,,,,,,,,,,,,21.0,13
dimorphic hemmorhoids(piles),constipation,pain_during_bowel_movements,pain_in_anal_region,bloody_stool,,,,,,,,,,,,,,4,5.0,6.0,5.0,,,,,,,,,,,,,,20.0,13
heart attack,vomiting,breathlessness,sweating,chest_pain,,,,,,,,,,,,,,5,4.0,3.0,7.0,,,,,,,,,,,,,,19.0,18
heart attack,breathlessness,sweating,chest_pain,,,,,,,,,,,,,,,4,3.0,7.0,,,,,,,,,,,,,,,14.0,18
heart attack,vomiting,sweating,chest_pain,,,,,,,,,,,,,,,5,3.0,7.0,,,,,,,,,,,,,,,15.0,18
heart attack,vomiting,breathlessness,chest_pain,,,,,,,,,,,,,,,5,4.0,7.0,,,,,,,,,,,,,,,16.0,18
heart attack,vomiting,breathlessness,sweating,,,,,,,,,,,,,,,5,4.0,3.0,,,,,,,,,,,,,,,12.0,18
varicose veins,fatigue,cramps,bruising,obesity,swollen_legs,swollen_blood_vessels,prominent_veins_on_calf,,,,,,,,,,,4,4.0,4.0,4.0,5.0,5.0,6.0,,,,,,,,,,,32.0,40
varicose veins,cramps,bruising,obesity,swollen_legs,swollen_blood_vessels,prominent_veins_on_calf,,,,,,,,,,,,4,4.0,4.0,5.0,5.0,6.0,,,,,,,,,,,,28.0,40
varicose veins,fatigue,bruising,obesity,swollen_legs,swollen_blood_vessels,prominent_veins_on_calf,,,,,,,,,,,,4,4.0,4.0,5.0,5.0,6.0,,,,,,,,,,,,28.0,40
varicose veins,fatigue,cramps,obesity,swollen_legs,swollen_blood_vessels,prominent_veins_on_calf,,,,,,,,,,,,4,4.0,4.0,5.0,5.0,6.0,,,,,,,,,,,,28.0,40
varicose veins,fatigue,cramps,bruising,swollen_legs,swollen_blood_vessels,prominent_veins_on_calf,,,,,,,,,,,,4,4.0,4.0,5.0,5.0,6.0,,,,,,,,,,,,28.0,40
varicose veins,fatigue,cramps,bruising,obesity,swollen_blood_vessels,prominent_veins_on_calf,,,,,,,,,,,,4,4.0,4.0,4.0,5.0,6.0,,,,,,,,,,,,27.0,40
varicose veins,fatigue,cramps,bruising,obesity,swollen_legs,prominent_veins_on_calf,,,,,,,,,,,,4,4.0,4.0,4.0,5.0,6.0,,,,,,,,,,,,27.0,40
varicose veins,fatigue,cramps,bruising,obesity,swollen_legs,swollen_blood_vessels,,,,,,,,,,,,4,4.0,4.0,4.0,5.0,5.0,,,,,,,,,,,,26.0,40
hypothyroidism,fatigue,weight_gain,cold_hands_and_feets,mood_swings,lethargy,dizziness,puffy_face_and_eyes,enlarged_thyroid,brittle_nails,swollen_extremeties,depression,irritability,abnormal_menstruation,,,,,4,3.0,5.0,3.0,2.0,4.0,5.0,6.0,5.0,5.0,3.0,2.0,6.0,,,,,53.0,27
hypothyroidism,weight_gain,cold_hands_and_feets,mood_swings,lethargy,dizziness,puffy_face_and_eyes,enlarged_thyroid,brittle_nails,swollen_extremeties,depression,irritability,abnormal_menstruation,,,,,,3,5.0,3.0,2.0,4.0,5.0,6.0,5.0,5.0,3.0,2.0,6.0,,,,,,49.0,27
hypothyroidism,fatigue,cold_hands_and_feets,mood_swings,lethargy,dizziness,puffy_face_and_eyes,enlarged_thyroid,brittle_nails,swollen_extremeties,depression,irritability,abnormal_menstruation,,,,,,4,5.0,3.0,2.0,4.0,5.0,6.0,5.0,5.0,3.0,2.0,6.0,,,,,,50.0,27
hypothyroidism,fatigue,weight_gain,mood_swings,lethargy,dizziness,puffy_face_and_eyes,enlarged_thyroid,brittle_nails,swollen_extremeties,depression,irritability,abnormal_menstruation,,,,,,4,3.0,3.0,2.0,4.0,5.0,6.0,5.0,5.0,3.0,2.0,6.0,,,,,,48.0,27
hypothyroidism,fatigue,weight_gain,cold_hands_and_feets,lethargy,dizziness,puffy_face_and_eyes,enlarged_thyroid,brittle_nails,swollen_extremeties,depression,irritability,abnormal_menstruation,,,,,,4,3.0,5.0,2.0,4.0,5.0,6.0,5.0,5.0,3.0,2.0,6.0,,,,,,50.0,27
hypothyroidism,fatigue,weight_gain,cold_hands_and_feets,mood_swings,dizziness,puffy_face_and_eyes,enlarged_thyroid,brittle_nails,swollen_extremeties,depression,irritability,abnormal_menstruation,,,,,,4,3.0,5.0,3.0,4.0,5.0,6.0,5.0,5.0,3.0,2.0,6.0,,,,,,51.0,27
hypothyroidism,fatigue,weight_gain,cold_hands_and_feets,mood_swings,lethargy,puffy_face_and_eyes,enlarged_thyroid,brittle_nails,swollen_extremeties,depression,irritability,abnormal_menstruation,,,,,,4,3.0,5.0,3.0,2.0,5.0,6.0,5.0,5.0,3.0,2.0,6.0,,,,,,49.0,27
hypothyroidism,fatigue,weight_gain,cold_hands_and_feets,mood_swings,lethargy,dizziness,enlarged_thyroid,brittle_nails,swollen_extremeties,depression,irritability,abnormal_menstruation,,,,,,4,3.0,5.0,3.0,2.0,4.0,6.0,5.0,5.0,3.0,2.0,6.0,,,,,,48.0,27
hyperthyroidism,fatigue,mood_swings,weight_loss,restlessness,sweating,diarrhoea,fast_heart_rate,excessive_hunger,muscle_weakness,irritability,abnormal_menstruation,,,,,,,4,3.0,3.0,5.0,3.0,6.0,5.0,4.0,2.0,2.0,6.0,,,,,,,43.0,25
hyperthyroidism,mood_swings,weight_loss,restlessness,sweating,diarrhoea,fast_heart_rate,excessive_hunger,muscle_weakness,irritability,abnormal_menstruation,,,,,,,,3,3.0,5.0,3.0,6.0,5.0,4.0,2.0,2.0,6.0,,,,,,,,39.0,25
hyperthyroidism,fatigue,weight_loss,restlessness,sweating,diarrhoea,fast_heart_rate,excessive_hunger,muscle_weakness,irritability,abnormal_menstruation,,,,,,,,4,3.0,5.0,3.0,6.0,5.0,4.0,2.0,2.0,6.0,,,,,,,,40.0,25
hyperthyroidism,fatigue,mood_swings,restlessness,sweating,diarrhoea,fast_heart_rate,excessive_hunger,muscle_weakness,irritability,abnormal_menstruation,,,,,,,,4,3.0,5.0,3.0,6.0,5.0,4.0,2.0,2.0,6.0,,,,,,,,40.0,25
hyperthyroidism,fatigue,mood_swings,weight_loss,sweating,diarrhoea,fast_heart_rate,excessive_hunger,muscle_weakness,irritability,abnormal_menstruation,,,,,,,,4,3.0,3.0,3.0,6.0,5.0,4.0,2.0,2.0,6.0,,,,,,,,38.0,25
hyperthyroidism,fatigue,mood_swings,weight_loss,restlessness,diarrhoea,fast_heart_rate,excessive_hunger,muscle_weakness,irritability,abnormal_menstruation,,,,,,,,4,3.0,3.0,5.0,6.0,5.0,4.0,2.0,2.0,6.0,,,,,,,,40.0,25
hyperthyroidism,fatigue,mood_swings,weight_loss,restlessness,sweating,fast_heart_rate,excessive_hunger,muscle_weakness,irritability,abnormal_menstruation,,,,,,,,4,3.0,3.0,5.0,3.0,5.0,4.0,2.0,2.0,6.0,,,,,,,,37.0,25
hyperthyroidism,fatigue,mood_swings,weight_loss,restlessness,sweating,diarrhoea,excessive_hunger,muscle_weakness,irritability,abnormal_menstruation,,,,,,,,4,3.0,3.0,5.0,3.0,6.0,4.0,2.0,2.0,6.0,,,,,,,,38.0,25
hyperthyroidism,fatigue,mood_swings,weight_loss,restlessness,sweating,diarrhoea,fast_heart_rate,muscle_weakness,irritability,abnormal_menstruation,,,,,,,,4,3.0,3.0,5.0,3.0,6.0,5.0,2.0,2.0,6.0,,,,,,,,39.0,25
hypoglycemia,vomiting,fatigue,anxiety,sweating,headache,nausea,blurred_and_distorted_vision,excessive_hunger,slurred_speech,irritability,palpitations,,,,,,,5,4.0,4.0,3.0,3.0,5.0,5.0,4.0,4.0,2.0,4.0,,,,,,,43.0,26
hypoglycemia,vomiting,fatigue,anxiety,sweating,headache,nausea,blurred_and_distorted_vision,excessive_hunger,drying_and_tingling_lips,slurred_speech,irritability,palpitations,,,,,,5,4.0,4.0,3.0,3.0,5.0,5.0,4.0,4.0,4.0,2.0,4.0,,,,,,47.0,26
hypoglycemia,fatigue,anxiety,sweating,headache,nausea,blurred_and_distorted_vision,excessive_hunger,drying_and_tingling_lips,slurred_speech,irritability,palpitations,,,,,,,4,4.0,3.0,3.0,5.0,5.0,4.0,4.0,4.0,2.0,4.0,,,,,,,42.0,26
hypoglycemia,vomiting,anxiety,sweating,headache,nausea,blurred_and_distorted_vision,excessive_hunger,drying_and_tingling_lips,slurred_speech,irritability,palpitations,,,,,,,5,4.0,3.0,3.0,5.0,5.0,4.0,4.0,4.0,2.0,4.0,,,,,,,43.0,26
hypoglycemia,vomiting,fatigue,sweating,headache,nausea,blurred_and_distorted_vision,excessive_hunger,drying_and_tingling_lips,slurred_speech,irritability,palpitations,,,,,,,5,4.0,3.0,3.0,5.0,5.0,4.0,4.0,4.0,2.0,4.0,,,,,,,43.0,26
hypoglycemia,vomiting,fatigue,anxiety,headache,nausea,blurred_and_distorted_vision,excessive_hunger,drying_and_tingling_lips,slurred_speech,irritability,palpitations,,,,,,,5,4.0,4.0,3.0,5.0,5.0,4.0,4.0,4.0,2.0,4.0,,,,,,,44.0,26
hypoglycemia,vomiting,fatigue,anxiety,sweating,nausea,blurred_and_distorted_vision,excessive_hunger,drying_and_tingling_lips,slurred_speech,irritability,palpitations,,,,,,,5,4.0,4.0,3.0,5.0,5.0,4.0,4.0,4.0,2.0,4.0,,,,,,,44.0,26
hypoglycemia,vomiting,fatigue,anxiety,sweating,headache,blurred_and_distorted_vision,excessive_hunger,drying_and_tingling_lips,slurred_speech,irritability,palpitations,,,,,,,5,4.0,4.0,3.0,3.0,5.0,4.0,4.0,4.0,2.0,4.0,,,,,,,42.0,26
hypoglycemia,vomiting,fatigue,anxiety,sweating,headache,nausea,excessive_hunger,drying_and_tingling_lips,slurred_speech,irritability,palpitations,,,,,,,5,4.0,4.0,3.0,3.0,5.0,4.0,4.0,4.0,2.0,4.0,,,,,,,42.0,26
osteoarthristis,joint_pain,neck_pain,knee_pain,hip_joint_pain,swelling_joints,painful_walking,,,,,,,,,,,,3,5.0,3.0,2.0,5.0,2.0,,,,,,,,,,,,20.0,32
osteoarthristis,neck_pain,knee_pain,hip_joint_pain,swelling_joints,painful_walking,,,,,,,,,,,,,5,3.0,2.0,5.0,2.0,,,,,,,,,,,,,17.0,32
osteoarthristis,joint_pain,knee_pain,hip_joint_pain,swelling_joints,painful_walking,,,,,,,,,,,,,3,3.0,2.0,5.0,2.0,,,,,,,,,,,,,15.0,32
osteoarthristis,joint_pain,neck_pain,hip_joint_pain,swelling_joints,painful_walking,,,,,,,,,,,,,3,5.0,2.0,5.0,2.0,,,,,,,,,,,,,17.0,32
osteoarthristis,joint_pain,neck_pain,knee_pain,swelling_joints,painful_walking,,,,,,,,,,,,,3,5.0,3.0,5.0,2.0,,,,,,,,,,,,,18.0,32
osteoarthristis,joint_pain,neck_pain,knee_pain,hip_joint_pain,painful_walking,,,,,,,,,,,,,3,5.0,3.0,2.0,2.0,,,,,,,,,,,,,15.0,32
osteoarthristis,joint_pain,neck_pain,knee_pain,hip_joint_pain,swelling_joints,,,,,,,,,,,,,3,5.0,3.0,2.0,5.0,,,,,,,,,,,,,18.0,32
arthritis,muscle_weakness,stiff_neck,swelling_joints,movement_stiffness,painful_walking,,,,,,,,,,,,,2,4.0,5.0,5.0,2.0,,,,,,,,,,,,,18.0,5
arthritis,stiff_neck,swelling_joints,movement_stiffness,painful_walking,,,,,,,,,,,,,,4,5.0,5.0,2.0,,,,,,,,,,,,,,16.0,5
arthritis,muscle_weakness,swelling_joints,movement_stiffness,painful_walking,,,,,,,,,,,,,,2,5.0,5.0,2.0,,,,,,,,,,,,,,14.0,5
arthritis,muscle_weakness,stiff_neck,movement_stiffness,painful_walking,,,,,,,,,,,,,,2,4.0,5.0,2.0,,,,,,,,,,,,,,13.0,5
arthritis,muscle_weakness,stiff_neck,swelling_joints,painful_walking,,,,,,,,,,,,,,2,4.0,5.0,2.0,,,,,,,,,,,,,,13.0,5
arthritis,muscle_weakness,stiff_neck,swelling_joints,movement_stiffness,,,,,,,,,,,,,,2,4.0,5.0,5.0,,,,,,,,,,,,,,16.0,5
(vertigo) paroymsal  positional vertigo,vomiting,headache,nausea,spinning_movements,loss_of_balance,unsteadiness,,,,,,,,,,,,5,3.0,5.0,6.0,4.0,4.0,,,,,,,,,,,,27.0,0
(vertigo) paroymsal  positional vertigo,headache,nausea,spinning_movements,loss_of_balance,unsteadiness,,,,,,,,,,,,,3,5.0,6.0,4.0,4.0,,,,,,,,,,,,,22.0,0
(vertigo) paroymsal  positional vertigo,vomiting,nausea,spinning_movements,loss_of_balance,unsteadiness,,,,,,,,,,,,,5,5.0,6.0,4.0,4.0,,,,,,,,,,,,,24.0,0
(vertigo) paroymsal  positional vertigo,vomiting,headache,spinning_movements,loss_of_balance,unsteadiness,,,,,,,,,,,,,5,3.0,6.0,4.0,4.0,,,,,,,,,,,,,22.0,0
(vertigo) paroymsal  positional vertigo,vomiting,headache,nausea,loss_of_balance,unsteadiness,,,,,,,,,,,,,5,3.0,5.0,4.0,4.0,,,,,,,,,,,,,21.0,0
(vertigo) paroymsal  positional vertigo,vomiting,headache,nausea,spinning_movements,unsteadiness,,,,,,,,,,,,,5,3.0,5.0,6.0,4.0,,,,,,,,,,,,,23.0,0
(vertigo) paroymsal  positional vertigo,vomiting,headache,nausea,spinning_movements,loss_of_balance,,,,,,,,,,,,,5,3.0,5.0,6.0,4.0,,,,,,,,,,,,,23.0,0
acne,skin_rash,pus_filled_pimples,blackheads,scurring,,,,,,,,,,,,,,3,2.0,2.0,2.0,,,,,,,,,,,,,,9.0,1
acne,pus_filled_pimples,blackheads,scurring,,,,,,,,,,,,,,,2,2.0,2.0,,,,,,,,,,,,,,,6.0,1
acne,skin_rash,blackheads,scurring,,,,,,,,,,,,,,,3,2.0,2.0,,,,,,,,,,,,,,,7.0,1
acne,skin_rash,pus_filled_pimples,scurring,,,,,,,,,,,,,,,3,2.0,2.0,,,,,,,,,,,,,,,7.0,1
acne,skin_rash,pus_filled_pimples,blackheads,,,,,,,,,,,,,,,3,2.0,2.0,,,,,,,,,,,,,,,7.0,1
urinary tract infection,burning_micturition,bladder_discomfort,foul_smell_of urine,continuous_feel_of_urine,,,,,,,,,,,,,,6,4.0,,6.0,,,,,,,,,,,,,,16.0,39
urinary tract infection,bladder_discomfort,foul_smell_of urine,continuous_feel_of_urine,,,,,,,,,,,,,,,4,,6.0,,,,,,,,,,,,,,,10.0,39
urinary tract infection,burning_micturition,foul_smell_of urine,continuous_feel_of_urine,,,,,,,,,,,,,,,6,,6.0,,,,,,,,,,,,,,,12.0,39
urinary tract infection,burning_micturition,bladder_discomfort,continuous_feel_of_urine,,,,,,,,,,,,,,,6,4.0,6.0,,,,,,,,,,,,,,,16.0,39
urinary tract infection,burning_micturition,bladder_discomfort,foul_smell_of urine,,,,,,,,,,,,,,,6,4.0,,,,,,,,,,,,,,,,10.0,39
psoriasis,skin_rash,joint_pain,skin_peeling,silver_like_dusting,small_dents_in_nails,inflammatory_nails,,,,,,,,,,,,3,3.0,3.0,2.0,2.0,2.0,,,,,,,,,,,,15.0,36
psoriasis,joint_pain,skin_peeling,silver_like_dusting,small_dents_in_nails,inflammatory_nails,,,,,,,,,,,,,3,3.0,2.0,2.0,2.0,,,,,,,,,,,,,12.0,36
psoriasis,skin_rash,skin_peeling,silver_like_dusting,small_dents_in_nails,inflammatory_nails,,,,,,,,,,,,,3,3.0,2.0,2.0,2.0,,,,,,,,,,,,,12.0,36
psoriasis,skin_rash,joint_pain,silver_like_dusting,small_dents_in_nails,inflammatory_nails,,,,,,,,,,,,,3,3.0,2.0,2.0,2.0,,,,,,,,,,,,,12.0,36
psoriasis,skin_rash,joint_pain,skin_peeling,small_dents_in_nails,inflammatory_nails,,,,,,,,,,,,,3,3.0,3.0,2.0,2.0,,,,,,,,,,,,,13.0,36
psoriasis,skin_rash,joint_pain,skin_peeling,silver_like_dusting,inflammatory_nails,,,,,,,,,,,,,3,3.0,3.0,2.0,2.0,,,,,,,,,,,,,13.0,36
psoriasis,skin_rash,joint_pain,skin_peeling,silver_like_dusting,small_dents_in_nails,,,,,,,,,,,,,3,3.0,3.0,2.0,2.0,,,,,,,,,,,,,13.0,36
impetigo,skin_rash,high_fever,blister,red_sore_around_nose,yellow_crust_ooze,,,,,,,,,,,,,3,7.0,4.0,2.0,3.0,,,,,,,,,,,,,19.0,28
impetigo,high_fever,blister,red_sore_around_nose,yellow_crust_ooze,,,,,,,,,,,,,,7,4.0,2.0,3.0,,,,,,,,,,,,,,16.0,28
impetigo,skin_rash,blister,red_sore_around_nose,yellow_crust_ooze,,,,,,,,,,,,,,3,4.0,2.0,3.0,,,,,,,,,,,,,,12.0,28
impetigo,skin_rash,high_fever,red_sore_around_nose,yellow_crust_ooze,,,,,,,,,,,,,,3,7.0,2.0,3.0,,,,,,,,,,,,,,15.0,28
impetigo,skin_rash,high_fever,blister,yellow_crust_ooze,,,,,,,,,,,,,,3,7.0,4.0,3.0,,,,,,,,,,,,,,17.0,28
impetigo,skin_rash,high_fever,blister,red_sore_around_nose,,,,,,,,,,,,,,3,7.0,4.0,2.0,,,,,,,,,,,,,,16.0,28
